step,elapsed_tokens,elapsed_examples,training_loss,training_sequence_accuracy,training_token_accuracy,validation_loss,validation_sequence_accuracy,validation_token_accuracy
1,9,1,0.6608305370807648,0.0,0.0,0.6765297991037369,0.0,0.0
2,18,2,0.7052846479415894,0.0,0.0,,,
3,35,3,0.4266603590548038,0.0,0.0,,,
4,44,4,0.560452147424221,0.0,0.0,,,
5,53,5,0.5183165180683136,0.0,0.0,,,
6,70,6,0.20176752805709838,1.0,1.0,,,
7,79,7,0.36965390205383303,0.0,0.0,,,
8,88,8,0.44627431452274324,0.0,0.0,,,
9,97,9,0.30639325678348545,0.0,0.0,0.9078540170192719,0.0,0.0
10,106,10,0.4392015901207924,0.0,0.0,,,
11,115,11,0.25994721561670303,0.0,0.0,,,
12,124,12,0.33468575894832614,0.0,0.0,,,
13,133,13,0.20572468698024748,0.0,0.0,,,
14,142,14,1.4794235935807227,0.0,0.0,,,
15,151,15,0.3712494349479675,0.0,0.0,,,
16,168,16,0.5361076515913009,0.0,0.0,,,
17,177,17,0.17175616055727005,1.0,1.0,0.43521265596151354,0.0,0.0
18,194,18,0.756225282549858,0.0,0.0,,,
19,203,19,0.15029107213020326,1.0,1.0,,,
20,228,20,0.26597291688124336,0.0,0.0,,,
21,237,21,0.08613988026976585,1.0,1.0,,,
22,246,22,0.7007339024543762,0.0,0.0,,,
23,255,23,0.9188129451870918,0.0,0.0,,,
24,264,24,0.3077149045467377,0.0,0.0,,,
25,281,25,0.13712072402238845,1.0,1.0,0.1986971753835678,1.0,1.0
26,290,26,0.33084516406059267,0.0,0.0,,,
27,299,27,0.5342814910411835,0.0,0.0,,,
28,308,28,0.3208022826910019,0.0,0.0,,,
29,317,29,0.25688670098781585,1.0,1.0,,,
30,326,30,0.25029965460300446,0.0,0.0,,,
31,343,31,0.14245968937873843,1.0,1.0,,,
32,352,32,0.3870345771312714,0.0,0.0,,,
33,361,33,0.3651716935634613,0.0,0.0,0.3443808597326279,0.0,0.0
34,370,34,0.6926106083393098,0.0,0.0,,,
35,387,35,0.17646792352199553,0.0,0.0,,,
36,396,36,0.35123170852661134,0.0,0.0,,,
37,405,37,0.24344227433204652,0.0,0.0,,,
38,414,38,0.41498976409435273,0.0,0.0,,,
39,423,39,0.2714873760938644,0.0,0.0,,,
40,432,40,0.39223216772079467,0.0,0.0,,,
41,441,41,0.22670714795589447,1.0,1.0,0.36730236768722535,0.0,0.0
42,450,42,0.17732587218284607,1.0,1.0,,,
43,459,43,0.27922494530677794,0.0,0.0,,,
44,468,44,0.3869971776008606,0.0,0.0,,,
45,485,45,0.11282883010804652,1.0,1.0,,,
46,502,46,0.10447660714387894,1.0,1.0,,,
47,511,47,0.3187640738487244,0.0,0.0,,,
48,520,48,0.4591802096366882,0.0,0.0,,,
49,537,49,0.08927533648908138,1.0,1.0,0.4089955550432205,0.0,0.0
50,546,50,0.24092747151851654,0.0,0.0,,,
51,555,51,0.1655809187889099,1.0,1.0,,,
52,564,52,0.2952488887310028,0.0,0.0,,,
53,573,53,0.3487243324518204,0.0,0.0,,,
54,590,54,0.197753322981298,0.0,0.0,,,
55,599,55,0.6922836838662624,0.0,0.0,,,
56,616,56,0.1268135905265808,0.0,0.0,,,
57,625,57,0.19010764479637146,1.0,1.0,0.14870967663824558,0.0,0.0
58,634,58,0.22162257015705109,0.0,0.0,,,
59,643,59,0.39137578129768374,0.0,0.0,,,
60,660,60,0.20869018206372858,0.0,0.0,,,
61,669,61,0.25722047269344334,0.0,0.0,,,
62,678,62,0.7533501124382019,0.0,0.0,,,
63,687,63,0.23323187232017517,1.0,1.0,,,
64,696,64,0.21482902407646182,0.0,0.0,,,
65,713,65,0.13121348083019257,0.0,0.0,0.11882808640599252,0.0,0.0
66,738,66,0.09436850592494012,0.0,0.0,,,
67,755,67,0.24063154608011247,0.0,0.0,,,
68,764,68,0.12375595986843108,0.0,0.0,,,
69,773,69,0.24351542115211489,0.0,0.0,,,
70,782,70,0.21303933307528494,0.0,0.0,,,
71,799,71,0.15650034755468367,0.0,0.0,,,
72,808,72,0.446214839220047,0.0,0.0,,,
73,817,73,0.24999859273433683,0.0,0.0,0.2625484409928322,0.0,0.0
74,826,74,0.254078751206398,0.0,0.0,,,
75,835,75,0.2983615905046463,0.0,0.0,,,
76,844,76,0.25747548073530196,0.0,0.0,,,
77,861,77,0.13345119751989842,0.0,0.0,,,
78,870,78,0.23958447694778442,0.0,0.0,,,
79,879,79,0.19369095146656037,0.0,0.0,,,
80,888,80,0.13860347032547,1.0,1.0,,,
81,905,81,0.20444041550159453,0.0,0.0,0.24376401871442796,0.0,0.0
82,914,82,0.050811634883284565,1.0,1.0,,,
83,923,83,0.2934450495243072,0.0,0.0,,,
84,932,84,0.6809070533514023,0.0,0.0,,,
85,941,85,0.27162898540496827,0.0,0.0,,,
86,958,86,0.2650286688655615,0.0,0.0,,,
87,967,87,0.6780289620161056,0.0,0.0,,,
88,976,88,0.29032815098762516,0.0,0.0,,,
89,993,89,0.09848871201276779,1.0,1.0,0.2879595038294792,0.0,0.0
90,1002,90,0.27211473166942596,0.0,0.0,,,
91,1019,91,0.18050403520464897,0.0,0.0,,,
92,1036,92,0.16659044168889525,0.0,0.0,,,
93,1053,93,0.11619795300066471,1.0,1.0,,,
94,1070,94,0.1355887118726969,0.0,0.0,,,
95,1087,95,0.2628860519081354,0.0,0.0,,,
96,1096,96,0.26735628068447115,0.0,0.0,,,
97,1105,97,0.6526563346385956,0.0,0.0,0.26095774695277213,0.0,0.0
98,1122,98,0.09841972831636667,1.0,1.0,,,
99,1139,99,0.1627750650793314,0.0,0.0,,,
100,1148,100,0.28898324579000473,0.0,0.0,,,
101,1165,101,0.12550724610686304,1.0,1.0,,,
102,1182,102,0.10918080355972053,1.0,1.0,,,
103,1191,103,0.4376572251319885,0.0,0.0,,,
104,1208,104,0.09105834268033505,1.0,1.0,,,
105,1225,105,0.14461137041449545,0.0,0.0,0.13615841999650002,0.0,0.0
106,1234,106,0.2316163221001625,0.0,0.0,,,
107,1251,107,0.08955307941883803,1.0,1.0,,,
108,1260,108,0.24983022302389146,0.0,0.0,,,
109,1269,109,0.15568621054291726,1.0,1.0,,,
110,1278,110,0.28334714218974116,0.0,0.0,,,
111,1287,111,0.23961011625826362,0.0,0.0,,,
112,1296,112,0.13425604417920112,1.0,1.0,,,
113,1305,113,0.14456474997103214,1.0,1.0,0.1551931267231703,0.0,0.0
114,1314,114,0.27650695621967314,0.0,0.0,,,
115,1323,115,0.33627774119377135,0.0,0.0,,,
116,1340,116,0.0968560081347823,1.0,1.0,,,
117,1349,117,0.38060680583119394,0.0,0.0,,,
118,1358,118,0.44683331847190855,0.0,0.0,,,
119,1367,119,0.2240790191292763,1.0,1.0,,,
120,1376,120,0.22412877261638642,0.0,0.0,,,
121,1393,121,0.242323831692338,0.0,0.0,0.32182178556919094,0.0,0.0
122,1402,122,0.3909155762195587,0.0,0.0,,,
123,1411,123,0.20558147817850114,1.0,1.0,,,
124,1420,124,0.32610717236995695,0.0,0.0,,,
125,1429,125,0.23565018355846404,0.0,0.0,,,
126,1438,126,0.23389124900102615,1.0,1.0,,,
127,1447,127,0.2275346687436104,0.0,0.0,,,
128,1456,128,0.4314981460571289,0.0,0.0,,,
129,1465,129,0.21548262476921082,0.0,0.0,0.29561361849308015,0.0,0.0
130,1474,130,0.3517858666181564,0.0,0.0,,,
131,1483,131,0.14483959808945657,1.0,1.0,,,
132,1516,132,0.05325418239459395,1.0,1.0,,,
133,1533,133,0.1123450118303299,0.0,0.0,,,
134,1542,134,0.2649538391828537,0.0,0.0,,,
135,1551,135,0.1844717413187027,1.0,1.0,,,
136,1560,136,0.15899672746658325,1.0,1.0,,,
137,1577,137,0.10093022547662259,1.0,1.0,0.14198245137929916,1.0,1.0
138,1594,138,0.22728026423603298,0.0,0.0,,,
139,1611,139,0.07767602395266295,1.0,1.0,,,
140,1628,140,0.04930734917521477,1.0,1.0,,,
141,1645,141,0.2169578842818737,0.0,0.0,,,
142,1654,142,0.054485011547803885,1.0,1.0,,,
143,1671,143,0.2596599565446377,0.0,0.0,,,
144,1680,144,0.5668920189142228,0.0,0.0,,,
145,1689,145,0.5422054296731948,0.0,0.0,0.21670170411467551,0.0,0.0
146,1698,146,0.3358666008710861,0.0,0.0,,,
147,1707,147,0.09178193420171737,1.0,1.0,,,
148,1724,148,0.28860634684562686,0.0,0.0,,,
149,1733,149,0.42111664116382597,0.0,0.0,,,
150,1742,150,0.18013427764177323,0.0,0.0,,,
151,1751,151,1.352512543797493,0.0,0.0,,,
152,1760,152,1.1184523290395738,0.0,0.0,,,
153,1769,153,0.15758518695831297,1.0,1.0,0.07231028378009796,1.0,1.0
154,1778,154,1.775385807156563,0.0,0.0,,,
155,1787,155,1.7913027107715607,0.0,0.0,,,
156,1812,156,0.16199119100968043,0.0,0.0,,,
157,1821,157,0.3520028606057167,0.0,0.0,,,
158,1830,158,0.3365313532948494,0.0,0.0,,,
159,1839,159,0.1003855174779892,1.0,1.0,,,
160,1848,160,0.06613408252596856,1.0,1.0,,,
161,1857,161,0.19201737374067307,1.0,1.0,0.12609173730015755,1.0,1.0
162,1866,162,0.3097722604870797,0.0,0.0,,,
163,1875,163,0.2814568173140288,0.0,0.0,,,
164,1884,164,0.3134237103164196,0.0,0.0,,,
165,1893,165,0.2726729619503021,0.0,0.0,,,
166,1902,166,0.14235930711030959,1.0,1.0,,,
167,1911,167,0.06664757922291756,1.0,1.0,,,
168,1920,168,0.07961446769535542,1.0,1.0,,,
169,1937,169,0.08892799966037274,1.0,1.0,0.10861342526972294,1.0,1.0
170,1954,170,0.13521768741309642,0.0,0.0,,,
171,1963,171,0.22748591363430024,0.0,0.0,,,
172,1972,172,0.18348309308290484,0.0,0.0,,,
173,1981,173,0.24208656877279283,0.0,0.0,,,
174,1998,174,0.1113023617118597,1.0,1.0,,,
175,2015,175,0.11285404615104198,0.0,0.0,,,
176,2024,176,0.22542796313762664,0.0,0.0,,,
177,2033,177,0.2624158447980881,0.0,0.0,0.38737564742565156,0.0,0.0
178,2050,178,0.09862964443862438,1.0,1.0,,,
179,2067,179,0.15626534357666969,0.0,0.0,,,
180,2076,180,0.15538135498762132,1.0,1.0,,,
181,2085,181,0.21174805819988252,0.0,0.0,,,
182,2094,182,0.45314523816108704,0.0,0.0,,,
183,2111,183,0.07200030714273453,1.0,1.0,,,
184,2120,184,0.36521668300032617,0.0,0.0,,,
185,2129,185,0.3467743670940399,0.0,0.0,0.21386819303035737,0.0,0.0
186,2138,186,0.09948850274085999,1.0,1.0,,,
187,2147,187,0.3085882553458214,0.0,0.0,,,
188,2156,188,0.1447747027873993,1.0,1.0,,,
189,2165,189,0.3315208660066128,0.0,0.0,,,
190,2174,190,0.13160731256008149,0.0,0.0,,,
191,2183,191,0.06611786112189293,1.0,1.0,,,
192,2192,192,0.4687512299418449,0.0,0.0,,,
193,2201,193,0.3890222941339016,0.0,0.0,0.1296130132675171,1.0,1.0
194,2218,194,0.11281054958701134,0.0,0.0,,,
195,2227,195,0.10887166500091552,1.0,1.0,,,
196,2236,196,0.28002147525548937,0.0,0.0,,,
197,2253,197,0.25956848450005054,0.0,0.0,,,
198,2278,198,0.1632747040192286,0.0,0.0,,,
199,2287,199,0.3063321942090988,0.0,0.0,,,
200,2296,200,0.12859923660755157,1.0,1.0,,,
201,2305,201,0.09764301300048829,1.0,1.0,0.15940331399440766,1.0,1.0
202,2314,202,0.18249810487031937,1.0,1.0,,,
203,2323,203,0.11343395322561264,1.0,1.0,,,
204,2340,204,0.07118399336934089,1.0,1.0,,,
205,2349,205,0.16098034240305426,1.0,1.0,,,
206,2358,206,0.37751875661313533,0.0,0.0,,,
207,2367,207,0.9202905806154013,0.0,0.0,,,
208,2376,208,0.17969841755926608,1.0,1.0,,,
209,2401,209,0.0750136153648297,1.0,1.0,0.02969676310196519,1.0,1.0
210,2410,210,0.1901672399044037,1.0,1.0,,,
211,2419,211,0.04641705403104424,1.0,1.0,,,
212,2428,212,0.09953871488571167,1.0,1.0,,,
213,2445,213,0.10290658414363862,1.0,1.0,,,
214,2454,214,0.07294833511114121,1.0,1.0,,,
215,2463,215,0.1822968799248338,0.0,0.0,,,
216,2472,216,0.03631327550858259,1.0,1.0,,,
217,2481,217,0.07220995504409075,1.0,1.0,0.3982594358921051,0.0,0.0
218,2490,218,0.1405507765710354,1.0,1.0,,,
219,2499,219,0.02923339490778744,1.0,1.0,,,
220,2508,220,0.6511063270643354,0.0,0.0,,,
221,2517,221,0.21305277556180954,0.0,0.0,,,
222,2526,222,0.02294057190883905,1.0,1.0,,,
223,2535,223,0.7119365373253822,0.0,0.0,,,
224,2560,224,0.2025819301853577,0.0,0.0,,,
225,2569,225,0.33149598211050035,0.0,0.0,0.12334310427308083,0.0,0.0
226,2578,226,0.03558173913508654,1.0,1.0,,,
227,2587,227,0.5005821577459574,0.0,0.0,,,
228,2596,228,0.12202299416065215,1.0,1.0,,,
229,2605,229,0.19662463396787644,0.0,0.0,,,
230,2614,230,0.1658422854542732,1.0,1.0,,,
231,2631,231,0.051567349061369894,1.0,1.0,,,
232,2640,232,0.11344797268509865,1.0,1.0,,,
233,2657,233,0.0651301297545433,1.0,1.0,0.5824173742532731,0.0,0.0
234,2666,234,0.06814528577029705,1.0,1.0,,,
235,2683,235,0.09048318356275559,1.0,1.0,,,
236,2700,236,0.12865986585617065,0.0,0.0,,,
237,2717,237,0.0402099479129538,1.0,1.0,,,
238,2734,238,0.17945187307894228,0.0,0.0,,,
239,2751,239,0.16306487187743188,0.0,0.0,,,
240,2768,240,0.03437952387146652,1.0,1.0,,,
241,2777,241,0.2260602042078972,0.0,0.0,0.04390676607494242,1.0,1.0
242,2786,242,0.23232827112078666,0.0,0.0,,,
243,2795,243,0.34744573444128035,0.0,0.0,,,
244,2812,244,0.09333361320197582,0.0,0.0,,,
245,2821,245,0.42127578109502795,0.0,0.0,,,
246,2830,246,0.11641944944858551,1.0,1.0,,,
247,2839,247,0.05093674849718809,1.0,1.0,,,
248,2848,248,0.28753353148698807,0.0,0.0,,,
249,2857,249,0.1850856962800026,1.0,1.0,0.041034324811771515,1.0,1.0
250,2874,250,0.31767687506973746,0.0,0.0,,,
251,2883,251,0.07480634197592737,1.0,1.0,,,
252,2892,252,0.15068686068058013,1.0,1.0,,,
253,2901,253,0.16155003666877746,0.0,0.0,,,
254,2910,254,0.04118440268561244,1.0,1.0,,,
255,2919,255,0.14095788538455964,0.0,0.0,,,
256,2928,256,0.053558348584920173,1.0,1.0,,,
257,2945,257,0.1067997659370303,0.0,0.0,0.09379803210496902,1.0,1.0
258,2954,258,0.034125362132908774,1.0,1.0,,,
259,2963,259,0.0986733764410019,1.0,1.0,,,
260,2980,260,0.027105046063661573,1.0,1.0,,,
261,2997,261,0.07654635369777679,1.0,1.0,,,
262,3006,262,0.06845335125923156,1.0,1.0,,,
263,3015,263,0.6742768112570048,0.0,0.0,,,
264,3024,264,0.2401333513110876,0.0,0.0,,,
265,3033,265,0.19580287232995033,0.0,0.0,0.16216913059353827,1.0,1.0
266,3042,266,0.7406786932051183,0.0,0.0,,,
267,3051,267,0.15702963590621946,1.0,1.0,,,
268,3068,268,0.29861596673727037,0.0,0.0,,,
269,3085,269,0.0980570849776268,1.0,1.0,,,
270,3094,270,0.04507713165134192,1.0,1.0,,,
271,3111,271,0.12520763635635376,0.0,0.0,,,
272,3128,272,0.20431711345911024,0.0,0.0,,,
273,3137,273,0.727617156803608,0.0,0.0,0.1570342081785202,0.0,0.0
274,3162,274,0.12480175013343492,0.0,0.0,,,
275,3171,275,0.0729293353110552,1.0,1.0,,,
276,3180,276,0.03498198196291923,1.0,1.0,,,
277,3189,277,0.24750774443149565,0.0,0.0,,,
278,3198,278,0.0446732768137008,1.0,1.0,,,
279,3207,279,0.5704106253385544,0.0,0.0,,,
280,3216,280,0.32902386963367464,0.0,0.0,,,
281,3225,281,0.2855625739693642,0.0,0.0,0.023881750889122484,1.0,1.0
282,3242,282,0.11397790566086768,1.0,1.0,,,
283,3251,283,0.034835754316300156,1.0,1.0,,,
284,3260,284,0.035997112952172755,1.0,1.0,,,
285,3269,285,0.0691335278004408,1.0,1.0,,,
286,3294,286,0.17784818510214487,0.0,0.0,,,
287,3303,287,0.3219173809885979,0.0,0.0,,,
288,3312,288,0.17466364175081253,1.0,1.0,,,
289,3321,289,0.18566646240651608,1.0,1.0,0.1389431320130825,1.0,1.0
290,3330,290,0.06301000438630582,1.0,1.0,,,
291,3347,291,0.03997347008436918,1.0,1.0,,,
292,3364,292,0.11097073689103128,1.0,1.0,,,
293,3373,293,0.04673528790473938,1.0,1.0,,,
294,3382,294,0.0723464009910822,1.0,1.0,,,
295,3391,295,0.20733889549970627,0.0,0.0,,,
296,3408,296,0.1256848868727684,0.0,0.0,,,
297,3425,297,0.12146312445402146,0.0,0.0,0.12636106863617896,0.0,0.0
298,3434,298,0.05104185994714499,1.0,1.0,,,
299,3451,299,0.08637890540063381,1.0,1.0,,,
300,3460,300,0.05495682273060083,1.0,1.0,,,
301,3477,301,0.1769406223669648,0.0,0.0,,,
302,3494,302,0.0987035071104765,1.0,1.0,,,
303,3511,303,0.06885948225855827,1.0,1.0,,,
304,3520,304,0.4192643366754055,0.0,0.0,,,
305,3529,305,0.07623782709240914,1.0,1.0,0.04268444174900651,1.0,1.0
306,3538,306,0.06244604612700641,1.0,1.0,,,
307,3547,307,0.05062162537127733,1.0,1.0,,,
308,3556,308,0.16404484525322913,0.0,0.0,,,
309,3565,309,0.06972578458487988,1.0,1.0,,,
310,3574,310,0.022937156795524064,1.0,1.0,,,
311,3583,311,0.018875965606421234,1.0,1.0,,,
312,3592,312,0.02313320820918307,1.0,1.0,,,
313,3601,313,0.058409819304943086,1.0,1.0,0.7823989968001843,0.0,0.0
314,3610,314,0.28006396904587744,0.0,0.0,,,
315,3619,315,0.027487827986478808,1.0,1.0,,,
316,3636,316,0.04012196115683764,1.0,1.0,,,
317,3645,317,0.0369973178091459,1.0,1.0,,,
318,3654,318,0.14907507184892893,0.0,0.0,,,
319,3663,319,0.0362774554034695,1.0,1.0,,,
320,3672,320,0.45266731724143033,0.0,0.0,,,
321,3689,321,0.1268150281906128,0.0,0.0,0.05270095944404602,1.0,1.0
322,3706,322,0.08744391195476056,1.0,1.0,,,
323,3715,323,0.04868527382612228,1.0,1.0,,,
324,3732,324,0.2132984269782901,0.0,0.0,,,
325,3741,325,0.11849555611610413,1.0,1.0,,,
326,3750,326,0.04941069406457245,1.0,1.0,,,
327,3759,327,0.1391005399823189,1.0,1.0,,,
328,3776,328,0.11995413731783629,0.0,0.0,,,
329,3785,329,0.09233540400862694,1.0,1.0,0.23453074663877485,0.0,0.0
330,3802,330,0.048309196885675185,1.0,1.0,,,
331,3811,331,0.01598411082464736,1.0,1.0,,,
332,3820,332,0.3864213612675667,0.0,0.0,,,
333,3829,333,0.3355046774446964,0.0,0.0,,,
334,3838,334,0.07635604182258249,1.0,1.0,,,
335,3847,335,0.4723180628567934,0.0,0.0,,,
336,3864,336,0.1087799221277237,0.0,0.0,,,
337,3873,337,0.05709869003097993,1.0,1.0,0.2555578191578388,0.0,0.0
338,3882,338,0.06236161829903722,1.0,1.0,,,
339,3891,339,0.15864020705223084,0.0,0.0,,,
340,3900,340,0.032462060097604994,1.0,1.0,,,
341,3909,341,0.0271485729329288,1.0,1.0,,,
342,3918,342,0.023077927012927834,1.0,1.0,,,
343,3935,343,0.13724012792110443,0.0,0.0,,,
344,3944,344,0.3007998452708125,0.0,0.0,,,
345,3953,345,0.028460355910938234,1.0,1.0,0.07361026123166084,1.0,1.0
346,3986,346,0.0827668254915625,0.0,0.0,,,
347,4003,347,0.04509049255400896,1.0,1.0,,,
348,4012,348,0.07211244612932205,1.0,1.0,,,
349,4021,349,0.051778301671147345,1.0,1.0,,,
350,4038,350,0.030090444788220337,1.0,1.0,,,
351,4047,351,0.03147246941924095,1.0,1.0,,,
352,4056,352,0.033371772234095265,1.0,1.0,,,
353,4065,353,0.033718937118537726,1.0,1.0,0.020578446460422128,1.0,1.0
354,4074,354,0.014830314186692704,1.0,1.0,,,
355,4083,355,0.023675390235148367,1.0,1.0,,,
356,4092,356,0.1927976731956005,0.0,0.0,,,
357,4101,357,0.02941639074124396,1.0,1.0,,,
358,4110,358,0.05035511959344149,1.0,1.0,,,
359,4119,359,0.029911315485369416,1.0,1.0,,,
360,4128,360,0.01605253872839967,1.0,1.0,,,
361,4145,361,0.04349397162557579,1.0,1.0,0.018244561440078542,1.0,1.0
362,4154,362,0.10233395040035248,1.0,1.0,,,
363,4163,363,0.034148477297276256,1.0,1.0,,,
364,4172,364,0.04580132566392422,1.0,1.0,,,
365,4181,365,0.058723297488177194,1.0,1.0,,,
366,4190,366,0.037939267847687,1.0,1.0,,,
367,4199,367,0.018530853376723826,1.0,1.0,,,
368,4208,368,0.01952834110328695,1.0,1.0,,,
369,4217,369,0.8651129845529795,0.0,0.0,0.030839197428431366,1.0,1.0
370,4226,370,0.491732701510191,0.0,0.0,,,
371,4235,371,0.05846815163269639,1.0,1.0,,,
372,4244,372,0.4737891481816769,0.0,0.0,,,
373,4261,373,0.04167886984068901,1.0,1.0,,,
374,4270,374,0.010458211888326331,1.0,1.0,,,
375,4287,375,0.21568574337288737,0.0,0.0,,,
376,4296,376,0.027014518640935424,1.0,1.0,,,
377,4313,377,0.05688761467114091,1.0,1.0,0.7758598537743091,0.0,0.0
378,4330,378,0.03752453560940921,1.0,1.0,,,
379,4339,379,0.019751257793977857,1.0,1.0,,,
380,4348,380,0.04536916362121701,1.0,1.0,,,
381,4357,381,0.04193292196490801,1.0,1.0,,,
382,4374,382,0.03173045431496576,1.0,1.0,,,
383,4391,383,0.12317165248095989,0.0,0.0,,,
384,4400,384,0.04468765419907868,1.0,1.0,,,
385,4409,385,0.032205598889850084,1.0,1.0,0.03895081834169105,1.0,1.0
386,4418,386,0.09342385143041611,1.0,1.0,,,
387,4427,387,0.03799488950520754,1.0,1.0,,,
388,4436,388,0.03610650695860386,1.0,1.0,,,
389,4453,389,0.03412845435683266,1.0,1.0,,,
390,4462,390,0.02141106616589241,1.0,1.0,,,
391,4471,391,0.024450041074305772,1.0,1.0,,,
392,4480,392,0.0467025332339108,1.0,1.0,,,
393,4489,393,0.03536035949364305,1.0,1.0,0.056153175408253445,1.0,1.0
394,4498,394,0.18202601611614228,0.0,0.0,,,
395,4515,395,0.04255063265562058,1.0,1.0,,,
396,4532,396,0.04499217239674181,1.0,1.0,,,
397,4541,397,0.011388845340115951,1.0,1.0,,,
398,4550,398,0.03771656006574631,1.0,1.0,,,
399,4559,399,0.03867609315086156,1.0,1.0,,,
400,4568,400,0.029930711995111776,1.0,1.0,,,
401,4593,401,0.238809116234382,0.0,0.0,0.036003039153292775,1.0,1.0
402,4610,402,0.1347408626973629,0.0,0.0,,,
403,4619,403,0.04211939878761768,1.0,1.0,,,
404,4644,404,0.1154518039089938,0.0,0.0,,,
405,4653,405,0.045614701993763454,1.0,1.0,,,
406,4662,406,0.059584670150652524,1.0,1.0,,,
407,4671,407,0.025557727124542,1.0,1.0,,,
408,4680,408,0.04089193349587731,1.0,1.0,,,
409,4697,409,0.03105084278387949,1.0,1.0,0.02698701695073396,1.0,1.0
410,4706,410,0.013287579510360957,1.0,1.0,,,
411,4715,411,0.03017733900807798,1.0,1.0,,,
412,4732,412,0.25632946338504553,0.0,0.0,,,
413,4741,413,0.045560356536880134,1.0,1.0,,,
414,4758,414,0.03640351952053607,1.0,1.0,,,
415,4767,415,0.018208650583401324,1.0,1.0,,,
416,4776,416,0.019217746194917708,1.0,1.0,,,
417,4785,417,0.10241679102182388,1.0,1.0,0.04520717452590664,1.0,1.0
418,4794,418,0.027750889854505658,1.0,1.0,,,
419,4803,419,0.2615752607584,0.0,0.0,,,
420,4812,420,0.7697360455989838,0.0,0.0,,,
421,4829,421,0.04222280215471983,1.0,1.0,,,
422,4838,422,0.25035712189972403,0.0,0.0,,,
423,4847,423,0.02293706953525543,1.0,1.0,,,
424,4864,424,0.038630820468242746,1.0,1.0,,,
425,4881,425,0.03408430550422054,1.0,1.0,0.1583702851086855,0.0,0.0
426,4898,426,0.37485800160095095,0.0,0.0,,,
427,4907,427,0.05780915688723326,1.0,1.0,,,
428,4916,428,0.05567073967307806,1.0,1.0,,,
429,4933,429,0.4836882634460926,0.0,0.0,,,
430,4950,430,0.1015604217350483,0.0,0.0,,,
431,4967,431,0.045917318966239684,1.0,1.0,,,
432,4984,432,0.029520407323725524,1.0,1.0,,,
433,5001,433,0.027815586500801147,1.0,1.0,0.6100501254200935,0.0,0.0
434,5018,434,0.24157681286334992,0.0,0.0,,,
435,5027,435,0.025576502825133504,1.0,1.0,,,
436,5036,436,0.014232024918892422,1.0,1.0,,,
437,5045,437,0.2828749704360962,0.0,0.0,,,
438,5070,438,0.03534486459568143,1.0,1.0,,,
439,5079,439,0.3027143612504006,0.0,0.0,,,
440,5088,440,0.02794267858844251,1.0,1.0,,,
441,5097,441,0.060073492527008054,1.0,1.0,0.01671193569258321,1.0,1.0
442,5114,442,0.04302877739071846,1.0,1.0,,,
443,5131,443,0.046802196973003446,1.0,1.0,,,
444,5140,444,0.0908171871304512,1.0,1.0,,,
445,5165,445,0.036315015973911305,1.0,1.0,,,
446,5174,446,0.6070455455780029,0.0,0.0,,,
447,5183,447,0.09989883854985238,1.0,1.0,,,
448,5192,448,0.04062763499096036,1.0,1.0,,,
449,5201,449,0.042720400206744676,1.0,1.0,0.15888841986656188,1.0,1.0
450,5218,450,0.04458064740523696,1.0,1.0,,,
451,5227,451,0.16443937465548514,0.0,0.0,,,
452,5236,452,0.2628090041875839,0.0,0.0,,,
453,5245,453,0.03229512857273221,1.0,1.0,,,
454,5254,454,0.02534765362739563,1.0,1.0,,,
455,5263,455,0.46316578388214114,0.0,0.0,,,
456,5272,456,0.03157627675682306,1.0,1.0,,,
457,5281,457,0.07396072030067444,1.0,1.0,0.7462561817467213,0.0,0.0
458,5290,458,0.021052712027449162,1.0,1.0,,,
459,5307,459,0.4336278510093689,0.0,0.0,,,
460,5316,460,0.020799873750656842,1.0,1.0,,,
461,5325,461,0.3655509914457798,0.0,0.0,,,
462,5334,462,0.037799108069157226,1.0,1.0,,,
463,5343,463,0.04179428938776255,1.0,1.0,,,
464,5352,464,0.039742251669522374,1.0,1.0,,,
465,5369,465,0.055621708501130344,1.0,1.0,0.05412426828406751,1.0,1.0
466,5378,466,0.15490257889032363,1.0,1.0,,,
467,5387,467,0.019501723455323375,1.0,1.0,,,
468,5404,468,0.047327999360859394,1.0,1.0,,,
469,5413,469,0.017898195972666144,1.0,1.0,,,
470,5422,470,0.053095001280307766,1.0,1.0,,,
471,5431,471,0.062285942882299425,1.0,1.0,,,
472,5448,472,0.187647016197443,0.0,0.0,,,
473,5465,473,0.036379532031714915,1.0,1.0,0.10460114322602751,1.0,1.0
474,5474,474,0.054872986972332005,1.0,1.0,,,
475,5483,475,0.04248676830902696,1.0,1.0,,,
476,5500,476,0.04157188121047511,1.0,1.0,,,
477,5509,477,0.029438146212341962,1.0,1.0,,,
478,5518,478,0.02668559305369854,1.0,1.0,,,
479,5527,479,0.024836422102525832,1.0,1.0,,,
480,5544,480,0.05891107186675072,1.0,1.0,,,
481,5553,481,0.020584312581922858,1.0,1.0,0.02854746690718457,1.0,1.0
482,5562,482,0.11615425426512957,0.0,0.0,,,
483,5571,483,0.05527076162397861,1.0,1.0,,,
484,5580,484,0.051605879869312046,1.0,1.0,,,
485,5589,485,0.01923149283626117,1.0,1.0,,,
486,5598,486,0.3215280440449715,0.0,0.0,,,
487,5607,487,0.020038677183911204,1.0,1.0,,,
488,5624,488,0.024106798660359346,1.0,1.0,,,
489,5633,489,0.029363411189988257,1.0,1.0,0.11607395746745171,0.0,0.0
490,5650,490,0.028537196312099694,1.0,1.0,,,
491,5659,491,0.07478260070085525,1.0,1.0,,,
492,5668,492,0.07811689469963312,1.0,1.0,,,
493,5685,493,0.031220348989591,1.0,1.0,,,
494,5694,494,1.1581821366399527,0.0,0.0,,,
495,5703,495,0.057566165924072266,1.0,1.0,,,
496,5712,496,0.018449605958667233,1.0,1.0,,,
497,5737,497,0.04760084539651871,1.0,1.0,0.04914840345270932,1.0,1.0
498,5754,498,0.03444315694192483,1.0,1.0,,,
499,5763,499,0.05845910058356822,1.0,1.0,,,
500,5772,500,0.015846131735015662,1.0,1.0,,,
501,5789,501,0.023000023192726076,1.0,1.0,,,
502,5806,502,0.0572233272343874,1.0,1.0,,,
503,5815,503,0.017739445074985268,1.0,1.0,,,
504,5824,504,0.024948135633021593,1.0,1.0,,,
505,5833,505,0.04757195462123491,1.0,1.0,0.0078399858256671,1.0,1.0
506,5842,506,0.02772817588876933,1.0,1.0,,,
507,5851,507,0.04811441260186257,1.0,1.0,,,
508,5868,508,0.030131777191127182,1.0,1.0,,,
509,5877,509,0.04695190545528021,1.0,1.0,,,
510,5886,510,0.03988579827011563,1.0,1.0,,,
511,5895,511,0.036446286216378215,1.0,1.0,,,
512,5904,512,0.010068690688349308,1.0,1.0,,,
513,5913,513,0.028437991673126817,1.0,1.0,0.039359490554779775,1.0,1.0
514,5922,514,0.04564984983415343,1.0,1.0,,,
515,5931,515,0.03459955118596554,1.0,1.0,,,
516,5948,516,0.028316799350141083,1.0,1.0,,,
517,5965,517,0.035543868235545235,1.0,1.0,,,
518,5974,518,0.04541933078318835,1.0,1.0,,,
519,5983,519,0.17905948713421824,0.0,0.0,,,
520,5992,520,0.032522749510826544,1.0,1.0,,,
521,6001,521,0.7476046680659056,0.0,0.0,0.007232380381901748,1.0,1.0
522,6010,522,0.0142329058755422,1.0,1.0,,,
523,6027,523,0.03195037383586168,1.0,1.0,,,
524,6044,524,0.03344939682312542,1.0,1.0,,,
525,6053,525,0.021047346806444697,1.0,1.0,,,
526,6062,526,0.039867754121078174,1.0,1.0,,,
527,6071,527,0.0808926946669817,1.0,1.0,,,
528,6080,528,0.02870975539553911,1.0,1.0,,,
529,6097,529,0.09244927704334259,0.0,0.0,0.050341227544995495,1.0,1.0
530,6114,530,0.3168035799264908,0.0,0.0,,,
531,6123,531,0.02927885006429278,1.0,1.0,,,
532,6132,532,0.031368141397833824,1.0,1.0,,,
533,6141,533,0.035151376854628325,1.0,1.0,,,
534,6158,534,0.0301870794329443,1.0,1.0,,,
535,6167,535,0.029657036447315478,1.0,1.0,,,
536,6176,536,0.023074331684620118,1.0,1.0,,,
537,6185,537,0.041909183591415065,1.0,1.0,0.057970500476658346,1.0,1.0
538,6194,538,0.028211587108671665,1.0,1.0,,,
539,6203,539,0.039640899720543535,1.0,1.0,,,
540,6220,540,0.20542186945676802,0.0,0.0,,,
541,6237,541,0.23530811049975453,0.0,0.0,,,
542,6246,542,0.6055731704831124,0.0,0.0,,,
543,6255,543,0.022349218387244036,1.0,1.0,,,
544,6272,544,0.053490400537848475,1.0,1.0,,,
545,6289,545,0.03244104093522765,1.0,1.0,0.06460248790681362,1.0,1.0
546,6306,546,0.2203943133354187,0.0,0.0,,,
547,6315,547,0.011722361808497226,1.0,1.0,,,
548,6332,548,0.026469559804536403,1.0,1.0,,,
549,6349,549,0.26333126969635484,0.0,0.0,,,
550,6366,550,0.03599558860063553,1.0,1.0,,,
551,6383,551,0.08128059551119805,1.0,1.0,,,
552,6392,552,0.05031965220638085,1.0,1.0,,,
553,6401,553,0.044952474404126405,1.0,1.0,0.03698906102217733,1.0,1.0
554,6410,554,0.016376649157609793,1.0,1.0,,,
555,6419,555,0.029765327785862612,1.0,1.0,,,
556,6428,556,0.01791794754564762,1.0,1.0,,,
557,6445,557,0.12895610835403204,0.0,0.0,,,
558,6454,558,0.05071107964962721,1.0,1.0,,,
559,6463,559,0.01772241012506129,1.0,1.0,,,
560,6480,560,0.05086051176302135,1.0,1.0,,,
561,6497,561,0.031832709740847356,1.0,1.0,0.048353939466178414,1.0,1.0
562,6514,562,0.05254152946174145,1.0,1.0,,,
563,6523,563,0.052356410068314284,1.0,1.0,,,
564,6540,564,0.06661558412015439,1.0,1.0,,,
565,6557,565,0.36137044172734023,0.0,0.0,,,
566,6566,566,0.17513140931725502,0.0,0.0,,,
567,6575,567,0.013871571973431855,1.0,1.0,,,
568,6584,568,0.0760995502397418,1.0,1.0,,,
569,6593,569,0.027565987097332257,1.0,1.0,0.095537960678339,0.0,0.0
570,6602,570,0.013339535861741752,1.0,1.0,,,
571,6619,571,0.028780406311852857,1.0,1.0,,,
572,6628,572,0.01895807111635804,1.0,1.0,,,
573,6637,573,0.043306713962228974,1.0,1.0,,,
574,6646,574,0.017981507116928697,1.0,1.0,,,
575,6663,575,0.038952674875035884,1.0,1.0,,,
576,6688,576,0.03998856192377086,1.0,1.0,,,
577,6697,577,0.010497938988555689,1.0,1.0,0.031355815111892296,1.0,1.0
578,6706,578,0.024110557390376926,1.0,1.0,,,
579,6723,579,0.3975601766631007,0.0,0.0,,,
580,6732,580,0.03131070555187762,1.0,1.0,,,
581,6741,581,0.028041834815667244,1.0,1.0,,,
582,6758,582,0.03564416194800288,1.0,1.0,,,
583,6775,583,0.1973870763927698,0.0,0.0,,,
584,6784,584,0.40751561224460603,0.0,0.0,,,
585,6793,585,0.01993430311791599,1.0,1.0,0.026059190011583272,1.0,1.0
586,6802,586,0.049710238575935366,1.0,1.0,,,
587,6811,587,0.0591669992916286,1.0,1.0,,,
588,6820,588,0.02778540698345751,1.0,1.0,,,
589,6837,589,0.039749694818165156,1.0,1.0,,,
590,6846,590,0.02031070166733116,1.0,1.0,,,
591,6855,591,1.289365192055702,0.0,0.0,,,
592,6864,592,0.04818649062304758,1.0,1.0,,,
593,6873,593,0.031227632071822883,1.0,1.0,0.02159149447688833,1.0,1.0
594,6882,594,0.0377190460919519,1.0,1.0,,,
595,6891,595,0.01590935048647225,1.0,1.0,,,
596,6900,596,0.11123629599809647,1.0,1.0,,,
597,6909,597,0.020521759800612924,1.0,1.0,,,
598,6918,598,0.030929365679621696,1.0,1.0,,,
599,6927,599,0.05191483322530985,1.0,1.0,,,
600,6936,600,0.03898529257625342,1.0,1.0,,,
601,6945,601,0.022809799741953615,1.0,1.0,0.03127091134723742,1.0,1.0
602,6954,602,0.02141385229304433,1.0,1.0,,,
603,6963,603,0.004086091328936163,1.0,1.0,,,
604,6972,604,0.06087865657289512,1.0,1.0,,,
605,6981,605,0.02466824702743907,1.0,1.0,,,
606,6998,606,0.04171321474015713,1.0,1.0,,,
607,7015,607,0.027268104481590855,1.0,1.0,,,
608,7024,608,0.030378997774023447,1.0,1.0,,,
609,7033,609,0.014791296593612061,1.0,1.0,0.028215124548078167,1.0,1.0
610,7042,610,0.04314917838491965,1.0,1.0,,,
611,7051,611,0.025346861298457955,1.0,1.0,,,
612,7076,612,0.0355500004432785,1.0,1.0,,,
613,7085,613,0.02473532365169376,1.0,1.0,,,
614,7094,614,0.02819405574351549,1.0,1.0,,,
615,7103,615,0.014248181972652674,1.0,1.0,,,
616,7112,616,0.04883653163909912,1.0,1.0,,,
617,7121,617,0.046716634405147485,1.0,1.0,0.04481454971712082,1.0,1.0
618,7130,618,0.014682886052760295,1.0,1.0,,,
619,7139,619,0.015345310303382577,1.0,1.0,,,
620,7148,620,0.037539037787355484,1.0,1.0,,,
621,7165,621,0.036021879995241764,1.0,1.0,,,
622,7174,622,0.03686927292583277,1.0,1.0,,,
623,7199,623,0.08018171448260544,0.0,0.0,,,
624,7208,624,0.02247871757212124,1.0,1.0,,,
625,7217,625,0.005088908076577354,1.0,1.0,0.03149332172004506,1.0,1.0
626,7226,626,0.04080107627154576,1.0,1.0,,,
627,7243,627,0.027350239148072435,1.0,1.0,,,
628,7252,628,0.6484942036867142,0.0,0.0,,,
629,7261,629,0.027776203909888865,1.0,1.0,,,
630,7278,630,0.22491729706525804,0.0,0.0,,,
631,7287,631,0.022462892114417626,1.0,1.0,,,
632,7304,632,0.026943771455244136,1.0,1.0,,,
633,7321,633,0.06899319648742676,1.0,1.0,0.11078344687819482,1.0,1.0
634,7330,634,0.005976930389588233,1.0,1.0,,,
635,7339,635,0.05911850512027741,1.0,1.0,,,
636,7356,636,0.12200339764356613,0.0,0.0,,,
637,7365,637,0.010703281713649631,1.0,1.0,,,
638,7382,638,0.026249185140623015,1.0,1.0,,,
639,7391,639,0.03555085000407416,1.0,1.0,,,
640,7400,640,0.5435845030099153,0.0,0.0,,,
641,7409,641,0.035196785002772235,1.0,1.0,0.03517137360177003,1.0,1.0
642,7418,642,0.06754182364791632,1.0,1.0,,,
643,7427,643,0.01663531233905815,1.0,1.0,,,
644,7436,644,0.8135855135321617,0.0,0.0,,,
645,7445,645,0.03182783589349128,1.0,1.0,,,
646,7454,646,0.03133488090708852,1.0,1.0,,,
647,7463,647,0.026299332592170686,1.0,1.0,,,
648,7480,648,0.05196538489311934,1.0,1.0,,,
649,7489,649,0.012672784589231014,1.0,1.0,0.01719997773761861,1.0,1.0
650,7498,650,0.011623894785880112,1.0,1.0,,,
651,7507,651,0.014490807031979785,1.0,1.0,,,
652,7516,652,0.029987446703016757,1.0,1.0,,,
653,7525,653,0.019585624503088185,1.0,1.0,,,
654,7534,654,0.0376071552495705,1.0,1.0,,,
655,7543,655,0.03922842775355093,1.0,1.0,,,
656,7560,656,0.03191229115938768,1.0,1.0,,,
657,7569,657,0.3338149948883802,0.0,0.0,0.021951454012159956,1.0,1.0
658,7578,658,0.04002075130818412,1.0,1.0,,,
659,7587,659,0.022701661052997226,1.0,1.0,,,
660,7596,660,0.04431366066448391,1.0,1.0,,,
661,7613,661,0.028805572820128876,1.0,1.0,,,
662,7622,662,0.13782512545585632,0.0,0.0,,,
663,7631,663,0.021875465512275698,1.0,1.0,,,
664,7640,664,0.032659558872692285,1.0,1.0,,,
665,7649,665,0.02134649806073867,1.0,1.0,0.0606457460927777,1.0,1.0
666,7666,666,0.053631133660674096,1.0,1.0,,,
667,7675,667,0.013257920955657029,1.0,1.0,,,
668,7684,668,0.022603257465380014,1.0,1.0,,,
669,7693,669,0.016637981076491996,1.0,1.0,,,
670,7702,670,0.018816688429797068,1.0,1.0,,,
671,7711,671,0.03609896885522176,1.0,1.0,,,
672,7720,672,0.08766071781516076,1.0,1.0,,,
673,7729,673,0.018408732314710505,1.0,1.0,0.053259556954726575,1.0,1.0
674,7738,674,0.005560328479696182,1.0,1.0,,,
675,7747,675,0.11421798169612885,1.0,1.0,,,
676,7756,676,0.04077394036576152,1.0,1.0,,,
677,7773,677,0.025514542845776304,1.0,1.0,,,
678,7782,678,0.043556503737345334,1.0,1.0,,,
679,7791,679,0.022813110910356045,1.0,1.0,,,
680,7808,680,0.22657166581600904,0.0,0.0,,,
681,7817,681,0.017644279135856776,1.0,1.0,0.034867735728621486,1.0,1.0
682,7826,682,0.017125234999693928,1.0,1.0,,,
683,7843,683,0.035989294935716315,1.0,1.0,,,
684,7852,684,0.03438127119094134,1.0,1.0,,,
685,7861,685,0.029400899174797816,1.0,1.0,,,
686,7870,686,0.011711563852149994,1.0,1.0,,,
687,7879,687,0.013409274518489837,1.0,1.0,,,
688,7888,688,0.03303604736924171,1.0,1.0,,,
689,7897,689,0.04439048789441585,1.0,1.0,0.04225426957884338,1.0,1.0
690,7906,690,0.03618054523598403,1.0,1.0,,,
691,7923,691,0.025606478704721665,1.0,1.0,,,
692,7940,692,0.0363785421627108,1.0,1.0,,,
693,7957,693,0.02483594656572677,1.0,1.0,,,
694,7974,694,0.030095754973590377,1.0,1.0,,,
695,7999,695,0.03322614300142353,1.0,1.0,,,
696,8008,696,0.0075253294126014225,1.0,1.0,,,
697,8017,697,0.00880521154133021,1.0,1.0,0.018379156668743235,1.0,1.0
698,8034,698,0.03124572237720713,1.0,1.0,,,
699,8043,699,0.019152152691967787,1.0,1.0,,,
700,8052,700,0.029073060468072072,1.0,1.0,,,
701,8061,701,0.026013535894453526,1.0,1.0,,,
702,8070,702,0.5238665196299553,0.0,0.0,,,
703,8095,703,0.1259475823243459,0.0,0.0,,,
704,8104,704,0.2724292157590389,0.0,0.0,,,
705,8121,705,0.0325078799232142,1.0,1.0,0.03485557755586342,1.0,1.0
706,8130,706,0.020227471399120987,1.0,1.0,,,
707,8147,707,0.02946418661682401,1.0,1.0,,,
708,8156,708,0.029241581186652182,1.0,1.0,,,
709,8165,709,0.019181278652104086,1.0,1.0,,,
710,8182,710,0.03463099765591323,1.0,1.0,,,
711,8191,711,0.04262084599467926,1.0,1.0,,,
712,8216,712,0.02986919751575139,1.0,1.0,,,
713,8225,713,0.013808601145574358,1.0,1.0,0.03136058473919547,1.0,1.0
714,8234,714,0.02180946359119844,1.0,1.0,,,
715,8243,715,0.024807277658837848,1.0,1.0,,,
716,8252,716,0.03674950843444094,1.0,1.0,,,
717,8261,717,0.01272922431351617,1.0,1.0,,,
718,8270,718,0.012631603826594074,1.0,1.0,,,
719,8279,719,0.01783343018963933,1.0,1.0,,,
720,8296,720,0.02346860479010502,1.0,1.0,,,
721,8305,721,0.04780390790459933,1.0,1.0,0.021437612474546765,1.0,1.0
722,8314,722,0.018844032004053587,1.0,1.0,,,
723,8323,723,0.02600236303245765,1.0,1.0,,,
724,8332,724,0.020915332658041734,1.0,1.0,,,
725,8341,725,0.05466754443943501,1.0,1.0,,,
726,8350,726,0.04837199633941054,1.0,1.0,,,
727,8359,727,0.013053313981508836,1.0,1.0,,,
728,8368,728,0.0090262707308284,1.0,1.0,,,
729,8377,729,0.015401518139260589,1.0,1.0,0.04133998361474369,1.0,1.0
730,8386,730,0.008032355061732232,1.0,1.0,,,
731,8395,731,0.018756273288745434,1.0,1.0,,,
732,8404,732,0.04238543200306595,1.0,1.0,,,
733,8413,733,0.043398251163307575,1.0,1.0,,,
734,8422,734,0.024963789628818633,1.0,1.0,,,
735,8439,735,0.029194197512406393,1.0,1.0,,,
736,8448,736,0.011967049660161138,1.0,1.0,,,
737,8457,737,0.019831492807716133,1.0,1.0,0.005430519442888909,1.0,1.0
738,8466,738,0.011309947163390463,1.0,1.0,,,
739,8475,739,0.019219600251017252,1.0,1.0,,,
740,8484,740,0.23780020792037249,0.0,0.0,,,
741,8501,741,0.025501088988494302,1.0,1.0,,,
742,8510,742,0.03973659046459943,1.0,1.0,,,
743,8519,743,0.02778512310716906,1.0,1.0,,,
744,8528,744,0.02508151034533512,1.0,1.0,,,
745,8545,745,0.03228748545407143,1.0,1.0,0.02645866094055236,1.0,1.0
746,8554,746,0.01226189474335115,1.0,1.0,,,
747,8563,747,0.007828034034755547,1.0,1.0,,,
748,8572,748,0.010881580477871466,1.0,1.0,,,
749,8597,749,0.0318042763400202,1.0,1.0,,,
750,8606,750,0.017054385836527217,1.0,1.0,,,
751,8615,751,0.0219934906483104,1.0,1.0,,,
752,8624,752,0.03718799790862249,1.0,1.0,,,
753,8641,753,0.4146102402359247,0.0,0.0,0.03947175625806267,1.0,1.0
754,8650,754,0.007535360981710255,1.0,1.0,,,
755,8667,755,0.024698227548506112,1.0,1.0,,,
756,8676,756,0.042417589578108164,1.0,1.0,,,
757,8685,757,0.017647060787130613,1.0,1.0,,,
758,8702,758,0.034955147167274846,1.0,1.0,,,
759,8711,759,0.023771647750909324,1.0,1.0,,,
760,8720,760,0.06845344632863998,1.0,1.0,,,
761,8729,761,0.02250293647754006,1.0,1.0,0.03424538540362846,1.0,1.0
762,8746,762,0.03422867356450297,1.0,1.0,,,
763,8755,763,0.02308361095892906,1.0,1.0,,,
764,8764,764,0.04484385930056305,1.0,1.0,,,
765,8781,765,0.02670046229846775,1.0,1.0,,,
766,8790,766,0.029284448358230297,1.0,1.0,,,
767,8799,767,0.011553637399629224,1.0,1.0,,,
768,8816,768,0.027625787812285123,1.0,1.0,,,
769,8833,769,0.02446850469583296,1.0,1.0,0.02301539372652769,1.0,1.0
770,8842,770,0.013329447061696557,1.0,1.0,,,
771,8851,771,0.051174501314308146,1.0,1.0,,,
772,8860,772,0.016962763557676227,1.0,1.0,,,
773,8869,773,0.2006103526055813,0.0,0.0,,,
774,8878,774,0.02111365777993342,1.0,1.0,,,
775,8895,775,0.03758294040337205,1.0,1.0,,,
776,8912,776,0.045823332993313676,1.0,1.0,,,
777,8929,777,0.02994864275678992,1.0,1.0,0.01867835590233881,1.0,1.0
778,8938,778,0.022151932060951368,1.0,1.0,,,
779,8947,779,0.03699684501734737,1.0,1.0,,,
780,8956,780,0.02982520248493529,1.0,1.0,,,
781,8973,781,0.02217402093403507,1.0,1.0,,,
782,8982,782,0.022555001924192766,1.0,1.0,,,
783,8991,783,0.012119532407814404,1.0,1.0,,,
784,9000,784,0.03179930322461587,1.0,1.0,,,
785,9009,785,0.0367339746048674,1.0,1.0,0.04285036366432905,1.0,1.0
786,9018,786,0.013395518447505313,1.0,1.0,,,
787,9035,787,0.02797691411368305,1.0,1.0,,,
788,9052,788,0.03071555179203642,1.0,1.0,,,
789,9061,789,0.02800073213060386,1.0,1.0,,,
790,9070,790,0.024939928810636048,1.0,1.0,,,
791,9079,791,0.023338647205673628,1.0,1.0,,,
792,9096,792,0.027453283349495906,1.0,1.0,,,
793,9105,793,0.01011145485623274,1.0,1.0,0.033058287687599656,1.0,1.0
794,9114,794,0.03409490057223594,1.0,1.0,,,
795,9123,795,0.024505854778690266,1.0,1.0,,,
796,9140,796,0.0656801021657884,1.0,1.0,,,
797,9149,797,0.030995993211690807,1.0,1.0,,,
798,9158,798,0.029255123242037374,1.0,1.0,,,
799,9175,799,0.02443660878684568,1.0,1.0,,,
800,9184,800,0.018342196571029493,1.0,1.0,,,
801,9193,801,0.005682973416223831,1.0,1.0,0.03351621844805777,1.0,1.0
802,9202,802,0.03981407149782172,1.0,1.0,,,
803,9211,803,0.014423926338495222,1.0,1.0,,,
804,9220,804,0.01873548953419231,1.0,1.0,,,
805,9229,805,0.0276100819698695,1.0,1.0,,,
806,9238,806,0.023213484254956715,1.0,1.0,,,
807,9255,807,0.02580431361362571,1.0,1.0,,,
808,9264,808,0.010310223332926397,1.0,1.0,,,
809,9273,809,0.007319186103995889,1.0,1.0,0.02138533846475184,1.0,1.0
810,9290,810,0.11092061785748228,0.0,0.0,,,
811,9299,811,0.013511829824128655,1.0,1.0,,,
812,9308,812,0.02880020846205298,1.0,1.0,,,
813,9317,813,0.024183502031683016,1.0,1.0,,,
814,9326,814,0.017090141946682708,1.0,1.0,,,
815,9335,815,0.012750315368175506,1.0,1.0,,,
816,9344,816,0.027484898128095667,1.0,1.0,,,
817,9353,817,0.00844682977505727,1.0,1.0,0.31434344530105596,0.0,0.0
818,9362,818,0.02269374077266548,1.0,1.0,,,
819,9371,819,0.05364991597831249,1.0,1.0,,,
820,9380,820,0.007781538785784506,1.0,1.0,,,
821,9405,821,0.03498865962649385,1.0,1.0,,,
822,9422,822,0.030682623108168626,1.0,1.0,,,
823,9431,823,0.01839005655798246,1.0,1.0,,,
824,9440,824,0.0241132230340736,1.0,1.0,,,
825,9457,825,0.03282983498444082,1.0,1.0,0.0262179631471372,1.0,1.0
826,9474,826,0.035988372648716904,1.0,1.0,,,
827,9483,827,0.03274658400667249,1.0,1.0,,,
828,9492,828,0.024161971883804652,1.0,1.0,,,
829,9509,829,0.033163926783017814,1.0,1.0,,,
830,9526,830,0.02569985442562029,1.0,1.0,,,
831,9535,831,0.015703364125802182,1.0,1.0,,,
832,9544,832,0.032773816846311095,1.0,1.0,,,
833,9553,833,0.019161873876000754,1.0,1.0,0.023467364893294873,1.0,1.0
834,9562,834,0.004862626740941778,1.0,1.0,,,
835,9571,835,0.020130109314341102,1.0,1.0,,,
836,9588,836,0.09252116724848747,0.0,0.0,,,
837,9597,837,0.03315548895916436,1.0,1.0,,,
838,9606,838,0.0030423517362214627,1.0,1.0,,,
839,9615,839,0.030351320527151986,1.0,1.0,,,
840,9624,840,0.047009415473903575,1.0,1.0,,,
841,9633,841,0.009988598741620081,1.0,1.0,0.02753543185652234,1.0,1.0
842,9642,842,0.020905547404108802,1.0,1.0,,,
843,9651,843,0.013765886875917203,1.0,1.0,,,
844,9660,844,0.02563091617077589,1.0,1.0,,,
845,9669,845,0.015338850584084868,1.0,1.0,,,
846,9678,846,0.027141036280518165,1.0,1.0,,,
847,9695,847,0.041440237332135435,1.0,1.0,,,
848,9704,848,0.010846298662945628,1.0,1.0,,,
849,9721,849,0.02928660893819142,1.0,1.0,0.3063949895650149,0.0,0.0
850,9738,850,0.01808043140117661,1.0,1.0,,,
851,9747,851,0.00843243345269002,1.0,1.0,,,
852,9756,852,0.01670314387331018,1.0,1.0,,,
853,9765,853,0.025899977273656987,1.0,1.0,,,
854,9774,854,0.03555296239272138,1.0,1.0,,,
855,9783,855,0.07113558150827885,1.0,1.0,,,
856,9792,856,0.023770867090424874,1.0,1.0,,,
857,9801,857,0.014740085489465857,1.0,1.0,0.028993031151621836,1.0,1.0
858,9810,858,0.013403978581118282,1.0,1.0,,,
859,9819,859,0.012441307503031568,1.0,1.0,,,
860,9836,860,0.021487814082356636,1.0,1.0,,,
861,9853,861,0.03851509733776766,1.0,1.0,,,
862,9870,862,0.013712502488015161,1.0,1.0,,,
863,9879,863,0.019671757822034123,1.0,1.0,,,
864,9888,864,0.03128317741844512,1.0,1.0,,,
865,9905,865,0.03645532527487375,1.0,1.0,0.04331881285099371,1.0,1.0
866,9914,866,0.02289315124449786,1.0,1.0,,,
867,9931,867,0.016024278436088932,1.0,1.0,,,
868,9940,868,0.007314129594160477,1.0,1.0,,,
869,9949,869,0.037055642052946494,1.0,1.0,,,
870,9958,870,0.009488605241058394,1.0,1.0,,,
871,9975,871,0.031418286391635776,1.0,1.0,,,
872,9984,872,0.016570845102032765,1.0,1.0,,,
873,9993,873,0.01689303096576623,1.0,1.0,0.01468849198994576,1.0,1.0
874,10002,874,0.009121940711629577,1.0,1.0,,,
875,10011,875,0.03374947956048345,1.0,1.0,,,
876,10028,876,0.0371881130604379,1.0,1.0,,,
877,10037,877,0.012345914773468395,1.0,1.0,,,
878,10046,878,0.021037897768583207,1.0,1.0,,,
879,10055,879,0.07476607784628868,1.0,1.0,,,
880,10072,880,0.03435858298093081,1.0,1.0,,,
881,10089,881,0.0290011436862369,1.0,1.0,0.0051758530293591325,1.0,1.0
882,10106,882,0.01632962175193825,1.0,1.0,,,
883,10115,883,0.020043725480209107,1.0,1.0,,,
884,10132,884,0.034743278602254575,1.0,1.0,,,
885,10141,885,0.02147730532029527,1.0,1.0,,,
886,10158,886,0.024055906208232045,1.0,1.0,,,
887,10175,887,0.026913249115896182,1.0,1.0,,,
888,10184,888,0.01294065180954931,1.0,1.0,,,
889,10193,889,0.023273215091903693,1.0,1.0,0.052527617411687974,1.0,1.0
890,10210,890,0.024908714069551936,1.0,1.0,,,
891,10219,891,0.0220709509862354,1.0,1.0,,,
892,10228,892,0.01470801608884358,1.0,1.0,,,
893,10237,893,0.029251408167292537,1.0,1.0,,,
894,10246,894,0.9977861243486404,0.0,0.0,,,
895,10255,895,0.01549063037888118,1.0,1.0,,,
896,10264,896,0.033373952396214004,1.0,1.0,,,
897,10273,897,0.02454948022161261,1.0,1.0,0.03366812753112754,1.0,1.0
898,10282,898,0.020461656849365684,1.0,1.0,,,
899,10291,899,0.01879745699814521,1.0,1.0,,,
900,10300,900,0.010903326412626485,1.0,1.0,,,
901,10309,901,0.008513598796489533,1.0,1.0,,,
902,10326,902,0.02260071329481434,1.0,1.0,,,
903,10343,903,0.030897902549586433,1.0,1.0,,,
904,10360,904,0.033341185290337305,1.0,1.0,,,
905,10369,905,0.029368291019654862,1.0,1.0,0.038695665700361134,1.0,1.0
906,10386,906,0.021386416049354012,1.0,1.0,,,
907,10395,907,0.11273485153913497,0.0,0.0,,,
908,10404,908,0.05150122119041044,1.0,1.0,,,
909,10413,909,0.022304957972955893,1.0,1.0,,,
910,10430,910,0.017552313696978673,1.0,1.0,,,
911,10447,911,0.018444993030279876,1.0,1.0,,,
912,10456,912,0.3817277110554278,0.0,0.0,,,
913,10465,913,0.027156687113456427,1.0,1.0,0.09452376574277879,1.0,1.0
914,10482,914,0.026170396311208606,1.0,1.0,,,
915,10491,915,0.027663443759083747,1.0,1.0,,,
916,10508,916,0.0360464708507061,1.0,1.0,,,
917,10517,917,0.042167635193418394,1.0,1.0,,,
918,10534,918,0.03615711154183373,1.0,1.0,,,
919,10543,919,0.009658851776621305,1.0,1.0,,,
920,10552,920,0.012070448296253745,1.0,1.0,,,
921,10569,921,0.02453302077992703,1.0,1.0,0.018668499933191925,1.0,1.0
922,10578,922,0.02029482964455383,1.0,1.0,,,
923,10587,923,0.02979123317985796,1.0,1.0,,,
924,10596,924,0.028297269148770288,1.0,1.0,,,
925,10605,925,0.026246791017983922,1.0,1.0,,,
926,10622,926,0.018877665920881553,1.0,1.0,,,
927,10631,927,0.036692082524677976,1.0,1.0,,,
928,10640,928,0.02809192454093136,1.0,1.0,,,
929,10649,929,0.01143683186979615,1.0,1.0,0.025684654199321814,1.0,1.0
930,10658,930,0.022413060146500356,1.0,1.0,,,
931,10667,931,0.007589070609974442,1.0,1.0,,,
932,10676,932,0.03685599636410188,1.0,1.0,,,
933,10693,933,0.023971850727975835,1.0,1.0,,,
934,10710,934,0.027089849733110898,1.0,1.0,,,
935,10719,935,0.0234215501998915,1.0,1.0,,,
936,10728,936,0.018704846402679325,1.0,1.0,,,
937,10737,937,0.01616545865079388,1.0,1.0,0.024294315767328954,1.0,1.0
938,10754,938,0.030531882280192803,1.0,1.0,,,
939,10763,939,0.020502852298959623,1.0,1.0,,,
940,10780,940,0.027108843616442755,1.0,1.0,,,
941,10789,941,0.08224227815866471,1.0,1.0,,,
942,10798,942,0.011329721182864887,1.0,1.0,,,
943,10807,943,0.014477516453553108,1.0,1.0,,,
944,10816,944,0.06433290381355619,1.0,1.0,,,
945,10833,945,0.03182204881675716,1.0,1.0,0.49585510496050117,0.0,0.0
946,10842,946,0.035727581100072715,1.0,1.0,,,
947,10851,947,0.009814282767001714,1.0,1.0,,,
948,10860,948,0.010839957289208542,1.0,1.0,,,
949,10869,949,0.01817212042864412,1.0,1.0,,,
950,10878,950,0.040805929741763974,1.0,1.0,,,
951,10887,951,0.5356896038353443,0.0,0.0,,,
952,10904,952,0.01431136586537832,1.0,1.0,,,
953,10913,953,0.0367251366256096,1.0,1.0,0.028779679239523834,1.0,1.0
954,10922,954,0.027634530994546366,1.0,1.0,,,
955,10931,955,0.030816902795340866,1.0,1.0,,,
956,10940,956,0.15154706686735153,0.0,0.0,,,
957,10949,957,0.013623834952522885,1.0,1.0,,,
958,10958,958,0.028703685245673117,1.0,1.0,,,
959,10967,959,0.00983956102088996,1.0,1.0,,,
960,10976,960,0.015770078231580557,1.0,1.0,,,
961,10985,961,0.03690657154791552,1.0,1.0,0.026889061797410248,1.0,1.0
962,10994,962,0.014516863707867741,1.0,1.0,,,
963,11003,963,0.019914776168589013,1.0,1.0,,,
964,11020,964,0.02466734594069749,1.0,1.0,,,
965,11029,965,0.024640999792445654,1.0,1.0,,,
966,11038,966,0.019432043339584197,1.0,1.0,,,
967,11047,967,0.29964441776275635,0.0,0.0,,,
968,11056,968,0.016302712057267854,1.0,1.0,,,
969,11065,969,0.013666902990880773,1.0,1.0,0.03604358866810799,1.0,1.0
970,11082,970,0.022984956282471103,1.0,1.0,,,
971,11091,971,0.012025427236221731,1.0,1.0,,,
972,11108,972,0.026807222528441345,1.0,1.0,,,
973,11117,973,0.012404168527573346,1.0,1.0,,,
974,11134,974,0.052379123046994214,1.0,1.0,,,
975,11151,975,0.609642427964136,0.0,0.0,,,
976,11168,976,0.04443133590742945,1.0,1.0,,,
977,11177,977,0.010389057849388336,1.0,1.0,0.01214597334168502,1.0,1.0
978,11186,978,0.009195360317826272,1.0,1.0,,,
979,11195,979,0.01575353175696364,1.0,1.0,,,
980,11204,980,0.1575805586576462,1.0,1.0,,,
981,11213,981,0.030761711120721884,1.0,1.0,,,
982,11222,982,0.0171135999938997,1.0,1.0,,,
983,11231,983,0.004248809157197684,1.0,1.0,,,
984,11240,984,0.017219519994978328,1.0,1.0,,,
985,11249,985,0.021848143698007333,1.0,1.0,0.3795689682662487,0.0,0.0
986,11266,986,0.017900499016104732,1.0,1.0,,,
987,11275,987,0.015557321167434565,1.0,1.0,,,
988,11292,988,0.22403179686516522,0.0,0.0,,,
989,11301,989,0.019472916978411376,1.0,1.0,,,
990,11318,990,0.02642831159668276,1.0,1.0,,,
991,11343,991,0.10796284691741068,0.0,0.0,,,
992,11352,992,0.018498385251114087,1.0,1.0,,,
993,11361,993,0.020017655689807724,1.0,1.0,0.038317369680371485,1.0,1.0
994,11370,994,0.024489662589112414,1.0,1.0,,,
995,11379,995,0.01831316571813659,1.0,1.0,,,
996,11388,996,0.06271946296095848,1.0,1.0,,,
997,11397,997,0.022846215606405165,1.0,1.0,,,
998,11414,998,0.016099172641188486,1.0,1.0,,,
999,11423,999,0.04884575070638675,1.0,1.0,,,
1000,11440,1000,0.03171347394119948,1.0,1.0,,,
1001,11457,1001,0.025537596041031063,1.0,1.0,0.019579516026569765,1.0,1.0
1002,11466,1002,0.01766700987733202,1.0,1.0,,,
1003,11475,1003,0.015047391208863703,1.0,1.0,,,
1004,11500,1004,0.026327875190569706,1.0,1.0,,,
1005,11509,1005,0.018572201193310323,1.0,1.0,,,
1006,11526,1006,0.03659698684699834,1.0,1.0,,,
1007,11559,1007,0.029138560066930948,1.0,1.0,,,
1008,11576,1008,0.03281001010909676,1.0,1.0,,,
1009,11585,1009,0.021754494771921602,1.0,1.0,0.01658446726985858,1.0,1.0
1010,11594,1010,0.032992535404046064,1.0,1.0,,,
1011,11603,1011,0.005779265343298903,1.0,1.0,,,
1012,11628,1012,0.029509923936178285,1.0,1.0,,,
1013,11637,1013,0.02851414794567973,1.0,1.0,,,
1014,11654,1014,0.0386966596916318,1.0,1.0,,,
1015,11663,1015,0.14938352465629579,0.0,0.0,,,
1016,11672,1016,0.0498697908379836,1.0,1.0,,,
1017,11689,1017,0.01788277847776044,1.0,1.0,0.03400397352874279,1.0,1.0
1018,11698,1018,0.01042336966842413,1.0,1.0,,,
1019,11707,1019,0.016029470390658388,1.0,1.0,,,
1020,11716,1020,0.01630648080143146,1.0,1.0,,,
1021,11725,1021,0.03602217508014292,1.0,1.0,,,
1022,11734,1022,0.01059865859162528,1.0,1.0,,,
1023,11743,1023,0.03035852201830494,1.0,1.0,,,
1024,11752,1024,0.20052587389945983,0.0,0.0,,,
1025,11761,1025,0.009261155382773723,1.0,1.0,0.02867688735015691,1.0,1.0
1026,11770,1026,0.0355988395172244,1.0,1.0,,,
1027,11779,1027,0.012731901574879885,1.0,1.0,,,
1028,11788,1028,0.023209147542074787,1.0,1.0,,,
1029,11797,1029,0.025341241387504848,1.0,1.0,,,
1030,11806,1030,0.010983981660101562,1.0,1.0,,,
1031,11815,1031,0.03503635413968368,1.0,1.0,,,
1032,11832,1032,0.0126792521745665,1.0,1.0,,,
1033,11841,1033,0.009024936183341197,1.0,1.0,0.03308202089690894,1.0,1.0
1034,11850,1034,0.016680958718061446,1.0,1.0,,,
1035,11859,1035,0.018097135573407287,1.0,1.0,,,
1036,11876,1036,0.02536325168242911,1.0,1.0,,,
1037,11893,1037,0.023090205498883732,1.0,1.0,,,
1038,11902,1038,0.0035262090154174076,1.0,1.0,,,
1039,11911,1039,0.02096587761945557,1.0,1.0,,,
1040,11920,1040,0.008065000254064217,1.0,1.0,,,
1041,11929,1041,0.0218062177948741,1.0,1.0,0.039945143312215804,1.0,1.0
1042,11938,1042,0.03534703538462054,1.0,1.0,,,
1043,11947,1043,0.037921231343170804,1.0,1.0,,,
1044,11956,1044,0.03220187479499145,1.0,1.0,,,
1045,11965,1045,0.02157648508262355,1.0,1.0,,,
1046,11974,1046,0.00873907406008584,1.0,1.0,,,
1047,11983,1047,0.024373462625953836,1.0,1.0,,,
1048,12000,1048,0.02733134149089892,1.0,1.0,,,
1049,12017,1049,0.011961052404440124,1.0,1.0,0.044225623395759604,1.0,1.0
1050,12026,1050,0.016351704648695887,1.0,1.0,,,
1051,12035,1051,0.04063318403495941,1.0,1.0,,,
1052,12044,1052,0.017002497250014133,1.0,1.0,,,
1053,12061,1053,0.014646299206206097,1.0,1.0,,,
1054,12070,1054,0.011576579073007453,1.0,1.0,,,
1055,12079,1055,0.004514072021120228,1.0,1.0,,,
1056,12088,1056,0.009071371756726877,1.0,1.0,,,
1057,12097,1057,0.01085727552883327,1.0,1.0,0.025600892729416957,1.0,1.0
1058,12106,1058,0.007639798814780078,1.0,1.0,,,
1059,12115,1059,0.04530250959098339,1.0,1.0,,,
1060,12124,1060,0.020894886695932653,1.0,1.0,,,
1061,12133,1061,0.006834991067753436,1.0,1.0,,,
1062,12142,1062,0.015943070051071116,1.0,1.0,,,
1063,12151,1063,0.009422239068080672,1.0,1.0,,,
1064,12168,1064,0.032201877182815225,1.0,1.0,,,
1065,12177,1065,0.02328109747293638,1.0,1.0,0.04369976861402393,1.0,1.0
1066,12194,1066,0.021027077032777015,1.0,1.0,,,
1067,12203,1067,0.03266836741939187,1.0,1.0,,,
1068,12220,1068,0.022259939540663257,1.0,1.0,,,
1069,12229,1069,0.006989176624483662,1.0,1.0,,,
1070,12238,1070,0.013397470392374091,1.0,1.0,,,
1071,12247,1071,0.021857140422798696,1.0,1.0,,,
1072,12264,1072,0.02106893120570021,1.0,1.0,,,
1073,12273,1073,0.008314280072809198,1.0,1.0,0.026859669657533232,1.0,1.0
1074,12290,1074,0.022886443449715445,1.0,1.0,,,
1075,12299,1075,0.021159279334387975,1.0,1.0,,,
1076,12308,1076,0.004103656423976644,1.0,1.0,,,
1077,12317,1077,0.020571563060984774,1.0,1.0,,,
1078,12334,1078,0.01222123534316779,1.0,1.0,,,
1079,12343,1079,0.022162622477990224,1.0,1.0,,,
1080,12360,1080,0.03220552938699257,1.0,1.0,,,
1081,12369,1081,0.02019048700770327,1.0,1.0,0.018261977866059168,1.0,1.0
1082,12378,1082,0.021609772677766162,1.0,1.0,,,
1083,12395,1083,0.01676517606112611,1.0,1.0,,,
1084,12404,1084,0.027946227564134462,1.0,1.0,,,
1085,12421,1085,0.023641943060938503,1.0,1.0,,,
1086,12430,1086,0.010921833293105011,1.0,1.0,,,
1087,12439,1087,0.044416582559060766,1.0,1.0,,,
1088,12448,1088,0.03531241763212165,1.0,1.0,,,
1089,12465,1089,0.03697406178805977,1.0,1.0,0.01618307455937611,1.0,1.0
1090,12490,1090,0.03933809092016114,1.0,1.0,,,
1091,12499,1091,0.018664179877378048,1.0,1.0,,,
1092,12508,1092,0.00933830511647102,1.0,1.0,,,
1093,12517,1093,0.011945726717131037,1.0,1.0,,,
1094,12526,1094,0.020801546189304645,1.0,1.0,,,
1095,12535,1095,0.02590541579953424,1.0,1.0,,,
1096,12552,1096,0.019690742039124416,1.0,1.0,,,
1097,12569,1097,0.03571202043443918,1.0,1.0,0.026373242633417247,1.0,1.0
1098,12578,1098,0.010185680365248119,1.0,1.0,,,
1099,12587,1099,0.013661912487041263,1.0,1.0,,,
1100,12596,1100,0.015425890210317449,1.0,1.0,,,
1101,12605,1101,0.028370441657389167,1.0,1.0,,,
1102,12614,1102,0.008750588014372625,1.0,1.0,,,
1103,12623,1103,0.026533823110330555,1.0,1.0,,,
1104,12632,1104,0.022420019522542134,1.0,1.0,,,
1105,12649,1105,0.024476785451552133,1.0,1.0,0.02877353069125093,1.0,1.0
1106,12658,1106,0.025318631330155765,1.0,1.0,,,
1107,12675,1107,0.027429239779030466,1.0,1.0,,,
1108,12684,1108,0.029707979702798183,1.0,1.0,,,
1109,12693,1109,0.038307066349079835,1.0,1.0,,,
1110,12702,1110,0.034858615630146236,1.0,1.0,,,
1111,12719,1111,0.03676971495733597,1.0,1.0,,,
1112,12728,1112,0.024777362146414815,1.0,1.0,,,
1113,12745,1113,0.01871710798179265,1.0,1.0,0.030571012982400135,1.0,1.0
1114,12762,1114,0.025465487024193864,1.0,1.0,,,
1115,12779,1115,0.024780299131280117,1.0,1.0,,,
1116,12788,1116,0.02030247918824898,1.0,1.0,,,
1117,12797,1117,0.017168891103265194,1.0,1.0,,,
1118,12806,1118,0.010795776573868352,1.0,1.0,,,
1119,12815,1119,0.01816245690009964,1.0,1.0,,,
1120,12832,1120,0.02511366213671863,1.0,1.0,,,
1121,12841,1121,0.10552327305078507,1.0,1.0,0.03628529784095008,1.0,1.0
1122,12858,1122,0.020807294793667094,1.0,1.0,,,
1123,12875,1123,0.018156533336732533,1.0,1.0,,,
1124,12884,1124,0.014334189650153348,1.0,1.0,,,
1125,12893,1125,0.014806799338621203,1.0,1.0,,,
1126,12902,1126,0.015376683484937531,1.0,1.0,,,
1127,12919,1127,0.02129819031422812,1.0,1.0,,,
1128,12928,1128,0.04618954618046701,1.0,1.0,,,
1129,12937,1129,0.018671829178783808,1.0,1.0,0.020996323360377576,1.0,1.0
1130,12946,1130,0.030010263341755487,1.0,1.0,,,
1131,12963,1131,0.023368238303737597,1.0,1.0,,,
1132,12980,1132,0.020562611541254227,1.0,1.0,,,
1133,12997,1133,0.022790396673663053,1.0,1.0,,,
1134,13006,1134,0.027408991168413197,1.0,1.0,,,
1135,13015,1135,0.008568350210189236,1.0,1.0,,,
1136,13024,1136,0.026754458226205313,1.0,1.0,,,
1137,13033,1137,0.014989701055455953,1.0,1.0,0.021601656559796536,1.0,1.0
1138,13042,1138,0.00198283997917315,1.0,1.0,,,
1139,13051,1139,0.02789495578967035,1.0,1.0,,,
1140,13068,1140,0.02982645397540182,1.0,1.0,,,
1141,13077,1141,0.01915994780138135,1.0,1.0,,,
1142,13086,1142,0.012636966705613303,1.0,1.0,,,
1143,13095,1143,0.024305945462110685,1.0,1.0,,,
1144,13104,1144,0.03694925799965859,1.0,1.0,,,
1145,13113,1145,0.038578012589714494,1.0,1.0,0.02325176366221058,1.0,1.0
1146,13122,1146,0.008900913407560437,1.0,1.0,,,
1147,13131,1147,0.021251407277832184,1.0,1.0,,,
1148,13148,1148,0.023006469409101553,1.0,1.0,,,
1149,13165,1149,0.028515202982453053,1.0,1.0,,,
1150,13182,1150,0.035270868730731306,1.0,1.0,,,
1151,13191,1151,0.013379275361985491,1.0,1.0,,,
1152,13200,1152,0.021453908023831902,1.0,1.0,,,
1153,13209,1153,0.01948694895596418,1.0,1.0,0.020164625568140762,1.0,1.0
1154,13218,1154,0.022548216656286965,1.0,1.0,,,
1155,13227,1155,0.011607413704332431,1.0,1.0,,,
1156,13236,1156,0.02899965463560875,1.0,1.0,,,
1157,13245,1157,0.01847358087405155,1.0,1.0,,,
1158,13254,1158,0.025543761855515185,1.0,1.0,,,
1159,13271,1159,0.018357911239909295,1.0,1.0,,,
1160,13280,1160,0.016010338365140344,1.0,1.0,,,
1161,13289,1161,0.012880249420122709,1.0,1.0,0.04428253148216754,1.0,1.0
1162,13306,1162,0.022220670313618032,1.0,1.0,,,
1163,13315,1163,0.014987846173280557,1.0,1.0,,,
1164,13332,1164,0.01908932953418116,1.0,1.0,,,
1165,13349,1165,0.042525568173805366,1.0,1.0,,,
1166,13358,1166,0.017965721201035196,1.0,1.0,,,
1167,13367,1167,0.008537960856992868,1.0,1.0,,,
1168,13376,1168,0.1884312880039215,0.0,0.0,,,
1169,13385,1169,0.010277552822317374,1.0,1.0,0.029777610301971437,1.0,1.0
1170,13402,1170,0.015329499174986268,1.0,1.0,,,
1171,13419,1171,0.013243526690603176,1.0,1.0,,,
1172,13428,1172,0.023422378692775962,1.0,1.0,,,
1173,13437,1173,0.01402006522344891,1.0,1.0,,,
1174,13446,1174,0.01238358185701145,1.0,1.0,,,
1175,13455,1175,0.006934293282247382,1.0,1.0,,,
1176,13472,1176,0.0213416068112565,1.0,1.0,,,
1177,13489,1177,0.026536201973867718,1.0,1.0,0.015375527912110555,1.0,1.0
1178,13506,1178,0.018289606896069018,1.0,1.0,,,
1179,13515,1179,0.011145939686375641,1.0,1.0,,,
1180,13524,1180,0.01529120383764166,1.0,1.0,,,
1181,13533,1181,0.00931743155790173,1.0,1.0,,,
1182,13550,1182,0.013685455076774815,1.0,1.0,,,
1183,13559,1183,0.013722576544387266,1.0,1.0,,,
1184,13576,1184,0.02647779211401939,1.0,1.0,,,
1185,13585,1185,0.015175601165683476,1.0,1.0,0.023336047117772978,1.0,1.0
1186,13594,1186,0.013929122817935421,1.0,1.0,,,
1187,13603,1187,0.0057406287318735845,1.0,1.0,,,
1188,13620,1188,0.01998947338899598,1.0,1.0,,,
1189,13645,1189,0.0288470587405997,1.0,1.0,,,
1190,13654,1190,0.021668946103309283,1.0,1.0,,,
1191,13663,1191,0.026615295894443988,1.0,1.0,,,
1192,13680,1192,0.013824635007767937,1.0,1.0,,,
1193,13689,1193,0.014291912495100405,1.0,1.0,0.017092953722967652,1.0,1.0
1194,13706,1194,0.01800260165182408,1.0,1.0,,,
1195,13723,1195,0.027227725824413938,1.0,1.0,,,
1196,13740,1196,0.030683672371451396,1.0,1.0,,,
1197,13749,1197,0.022181772822950734,1.0,1.0,,,
1198,13758,1198,0.010654170924863138,1.0,1.0,,,
1199,13767,1199,0.013951527272583917,1.0,1.0,,,
1200,13776,1200,0.006802013639280631,1.0,1.0,,,
1201,13785,1201,0.030434565611794827,1.0,1.0,0.02453347174796363,1.0,1.0
1202,13794,1202,0.014844685984935496,1.0,1.0,,,
1203,13803,1203,0.012002181450952776,1.0,1.0,,,
1204,13812,1204,0.007489922975382797,1.0,1.0,,,
1205,13821,1205,0.05240486547962064,1.0,1.0,,,
1206,13830,1206,0.02942332311111386,1.0,1.0,,,
1207,13839,1207,0.007335719009279274,1.0,1.0,,,
1208,13856,1208,0.025665354754664804,1.0,1.0,,,
1209,13865,1209,0.006265790092293173,1.0,1.0,0.011951981037382212,1.0,1.0
1210,13874,1210,0.009194630650868021,1.0,1.0,,,
1211,13883,1211,0.03187022489582887,1.0,1.0,,,
1212,13892,1212,0.07276407156139612,1.0,1.0,,,
1213,13909,1213,0.016899596177900093,1.0,1.0,,,
1214,13918,1214,0.007535645772186399,1.0,1.0,,,
1215,13927,1215,0.016207559313752427,1.0,1.0,,,
1216,13936,1216,0.062887744307518,1.0,1.0,,,
1217,13945,1217,0.017015573657663482,1.0,1.0,0.006241821492876626,1.0,1.0
1218,13962,1218,0.025336605530264934,1.0,1.0,,,
1219,13971,1219,0.01385836023517186,1.0,1.0,,,
1220,13988,1220,0.026233409226333607,1.0,1.0,,,
1221,13997,1221,0.012284317544745137,1.0,1.0,,,
1222,14006,1222,0.019334579917685914,1.0,1.0,,,
1223,14015,1223,0.015014215612318367,1.0,1.0,,,
1224,14024,1224,0.01776362850847363,1.0,1.0,,,
1225,14033,1225,0.04538651769624267,1.0,1.0,0.04028677287744358,1.0,1.0
1226,14042,1226,0.014539920439992785,1.0,1.0,,,
1227,14051,1227,0.009180536175481393,1.0,1.0,,,
1228,14060,1228,0.007639759889152629,1.0,1.0,,,
1229,14069,1229,0.015506400174308512,1.0,1.0,,,
1230,14078,1230,0.09377707690000534,1.0,1.0,,,
1231,14103,1231,0.031316267439785106,1.0,1.0,,,
1232,14112,1232,0.0321053068520996,1.0,1.0,,,
1233,14129,1233,0.03037248867312883,1.0,1.0,0.036396088479086756,1.0,1.0
1234,14138,1234,0.01872864631472112,1.0,1.0,,,
1235,14147,1235,0.038892830950467215,1.0,1.0,,,
1236,14156,1236,0.015001796593423933,1.0,1.0,,,
1237,14165,1237,0.017915377870958767,1.0,1.0,,,
1238,14174,1238,0.031497457519762975,1.0,1.0,,,
1239,14191,1239,0.07641314858570694,0.0,0.0,,,
1240,14200,1240,0.017848742717906135,1.0,1.0,,,
1241,14209,1241,0.01045437836641213,1.0,1.0,0.016631522399875396,1.0,1.0
1242,14218,1242,0.04776057317852974,1.0,1.0,,,
1243,14227,1243,0.006780406693433178,1.0,1.0,,,
1244,14236,1244,0.034181597056740426,1.0,1.0,,,
1245,14245,1245,0.013355418223654852,1.0,1.0,,,
1246,14254,1246,0.017610916468402137,1.0,1.0,,,
1247,14263,1247,0.015897541772574186,1.0,1.0,,,
1248,14272,1248,0.07042369782924653,1.0,1.0,,,
1249,14281,1249,0.04931300376934815,1.0,1.0,0.01397613241468207,1.0,1.0
1250,14290,1250,0.01455657979939133,1.0,1.0,,,
1251,14299,1251,0.022277347967401516,1.0,1.0,,,
1252,14308,1252,0.015518982192661497,1.0,1.0,,,
1253,14317,1253,0.015502644950902323,1.0,1.0,,,
1254,14326,1254,0.011704107553632638,1.0,1.0,,,
1255,14343,1255,0.026285727511130973,1.0,1.0,,,
1256,14360,1256,0.02662358220455644,1.0,1.0,,,
1257,14369,1257,0.0145587227991291,1.0,1.0,0.019142265996742937,1.0,1.0
1258,14386,1258,0.029215882970020174,1.0,1.0,,,
1259,14403,1259,0.01737498568239971,1.0,1.0,,,
1260,14412,1260,0.016875638617348157,1.0,1.0,,,
1261,14421,1261,0.015095352441203433,1.0,1.0,,,
1262,14430,1262,0.005353832626788063,1.0,1.0,,,
1263,14439,1263,0.017076428253640186,1.0,1.0,,,
1264,14448,1264,0.010844366163364611,1.0,1.0,,,
1265,14465,1265,0.02183070069736459,1.0,1.0,0.02923223467543721,1.0,1.0
1266,14474,1266,0.005617965235796872,1.0,1.0,,,
1267,14491,1267,0.012713178241756396,1.0,1.0,,,
1268,14500,1268,0.03101941541123779,1.0,1.0,,,
1269,14509,1269,0.011941642685778788,1.0,1.0,,,
1270,14518,1270,0.013121021661991108,1.0,1.0,,,
1271,14527,1271,0.008303726535086754,1.0,1.0,,,
1272,14544,1272,0.02163684150480549,1.0,1.0,,,
1273,14553,1273,0.026867730505618966,1.0,1.0,0.025853949376905803,1.0,1.0
1274,14562,1274,0.008180540725606988,1.0,1.0,,,
1275,14571,1275,0.017918247102461465,1.0,1.0,,,
1276,14580,1276,0.03744317562810466,1.0,1.0,,,
1277,14589,1277,0.009825685307150707,1.0,1.0,,,
1278,14606,1278,0.02677107224953943,1.0,1.0,,,
1279,14615,1279,0.011151567109209282,1.0,1.0,,,
1280,14624,1280,0.006505973793173326,1.0,1.0,,,
1281,14633,1281,0.009209831081388984,1.0,1.0,0.03483831470410223,1.0,1.0
1282,14642,1282,0.013603968707775495,1.0,1.0,,,
1283,14651,1283,0.015005454236597871,1.0,1.0,,,
1284,14660,1284,0.011529976988967973,1.0,1.0,,,
1285,14669,1285,0.01668851034643012,1.0,1.0,,,
1286,14678,1286,0.02557635922974441,1.0,1.0,,,
1287,14687,1287,0.01773644623841392,1.0,1.0,,,
1288,14696,1288,0.009137386459042319,1.0,1.0,,,
1289,14705,1289,0.009695016623045375,1.0,1.0,0.01785644716117531,1.0,1.0
1290,14714,1290,0.016993265377386706,1.0,1.0,,,
1291,14723,1291,0.025722286687450833,1.0,1.0,,,
1292,14732,1292,0.016085533719624436,1.0,1.0,,,
1293,14741,1293,0.007072453956352547,1.0,1.0,,,
1294,14758,1294,0.02952039246139975,1.0,1.0,,,
1295,14775,1295,0.01861404165823842,1.0,1.0,,,
1296,14784,1296,0.011320406685154012,1.0,1.0,,,
1297,14801,1297,0.027123283729888502,1.0,1.0,0.03433309203057434,1.0,1.0
1298,14818,1298,0.02261790881959314,1.0,1.0,,,
1299,14827,1299,0.010062287280670717,1.0,1.0,,,
1300,14836,1300,0.023458468395422188,1.0,1.0,,,
1301,14845,1301,0.029330065544345415,1.0,1.0,,,
1302,14870,1302,0.02562396040513704,1.0,1.0,,,
1303,14879,1303,0.007086585029101116,1.0,1.0,,,
1304,14896,1304,0.029958213662298477,1.0,1.0,,,
1305,14905,1305,0.01209852449479513,1.0,1.0,0.058414162248373036,1.0,1.0
1306,14914,1306,0.012448861212142219,1.0,1.0,,,
1307,14931,1307,0.021430726928992956,1.0,1.0,,,
1308,14948,1308,0.02026338136940467,1.0,1.0,,,
1309,14957,1309,0.0163461098478183,1.0,1.0,,,
1310,14966,1310,0.012863803298969287,1.0,1.0,,,
1311,14975,1311,0.01961442496833115,1.0,1.0,,,
1312,14992,1312,0.027565402384825573,1.0,1.0,,,
1313,15001,1313,0.03359845134953503,1.0,1.0,0.0398937378948176,1.0,1.0
1314,15018,1314,0.02794821379486166,1.0,1.0,,,
1315,15027,1315,0.016904945913047413,1.0,1.0,,,
1316,15044,1316,0.016447577827093482,1.0,1.0,,,
1317,15061,1317,0.02863256092176016,1.0,1.0,,,
1318,15070,1318,0.0060444868440390565,1.0,1.0,,,
1319,15079,1319,0.007740757108640537,1.0,1.0,,,
1320,15088,1320,0.019759125339624005,1.0,1.0,,,
1321,15097,1321,0.012592539225297515,1.0,1.0,0.062253493424504994,1.0,1.0
1322,15106,1322,0.009319555465699523,1.0,1.0,,,
1323,15115,1323,0.010012960523890797,1.0,1.0,,,
1324,15124,1324,0.02185770853539452,1.0,1.0,,,
1325,15141,1325,0.031374602048890664,1.0,1.0,,,
1326,15166,1326,0.02456182915096481,1.0,1.0,,,
1327,15175,1327,0.016721536332024698,1.0,1.0,,,
1328,15184,1328,0.009836258889117743,1.0,1.0,,,
1329,15193,1329,0.023971511204581474,1.0,1.0,0.0392821597121656,1.0,1.0
1330,15210,1330,0.026807632706768343,1.0,1.0,,,
1331,15219,1331,0.014884497044113232,1.0,1.0,,,
1332,15228,1332,0.019803431350155734,1.0,1.0,,,
1333,15237,1333,0.013364709621928343,1.0,1.0,,,
1334,15246,1334,0.01289732783974614,1.0,1.0,,,
1335,15255,1335,0.01358296731421433,1.0,1.0,,,
1336,15272,1336,0.0364593131984293,1.0,1.0,,,
1337,15281,1337,0.009159242306232045,1.0,1.0,0.017487237546010875,1.0,1.0
1338,15290,1338,0.013661769294922124,1.0,1.0,,,
1339,15299,1339,0.02274061754768809,1.0,1.0,,,
1340,15308,1340,0.018021854627877476,1.0,1.0,,,
1341,15317,1341,0.01898262425733265,1.0,1.0,,,
1342,15326,1342,0.007776746625022497,1.0,1.0,,,
1343,15335,1343,0.012283016643923474,1.0,1.0,,,
1344,15344,1344,0.02385930559627013,1.0,1.0,,,
1345,15361,1345,0.02234327814076096,1.0,1.0,0.010505366752186092,1.0,1.0
1346,15378,1346,0.015418785616056993,1.0,1.0,,,
1347,15387,1347,0.011766888588754227,1.0,1.0,,,
1348,15404,1348,0.02069578090300638,1.0,1.0,,,
1349,15421,1349,0.03693365665927559,1.0,1.0,,,
1350,15430,1350,0.03119134650227352,1.0,1.0,,,
1351,15439,1351,0.03068582919368055,1.0,1.0,,,
1352,15448,1352,0.019046360354914214,1.0,1.0,,,
1353,15465,1353,0.02816805336391553,1.0,1.0,0.19985292136669158,0.0,0.0
1354,15474,1354,0.008935790334071499,1.0,1.0,,,
1355,15483,1355,0.02893181345425546,1.0,1.0,,,
1356,15500,1356,0.0358724936726503,1.0,1.0,,,
1357,15509,1357,0.02942808348369908,1.0,1.0,,,
1358,15518,1358,0.028682554647530195,1.0,1.0,,,
1359,15527,1359,0.01942487648171664,1.0,1.0,,,
1360,15544,1360,0.031475203023292125,1.0,1.0,,,
1361,15553,1361,0.018250497138014906,1.0,1.0,0.20219357945024968,0.0,0.0
1362,15562,1362,0.01964929131169356,1.0,1.0,,,
1363,15587,1363,0.02234007519611623,1.0,1.0,,,
1364,15596,1364,0.026623905189881045,1.0,1.0,,,
1365,15605,1365,0.011002226606942713,1.0,1.0,,,
1366,15622,1366,0.016006017159597832,1.0,1.0,,,
1367,15631,1367,0.008833845424087486,1.0,1.0,,,
1368,15640,1368,0.016068345347448484,1.0,1.0,,,
1369,15649,1369,0.017082200448639923,1.0,1.0,0.02822275814025488,1.0,1.0
1370,15674,1370,0.03241795029491186,1.0,1.0,,,
1371,15707,1371,0.025077942566858837,1.0,1.0,,,
1372,15724,1372,0.009610779694976373,1.0,1.0,,,
1373,15733,1373,0.021228478715383973,1.0,1.0,,,
1374,15742,1374,0.027113655442371966,1.0,1.0,,,
1375,15767,1375,0.024655693689176892,1.0,1.0,,,
1376,15776,1376,0.010116384827124422,1.0,1.0,,,
1377,15793,1377,0.021489821342256618,1.0,1.0,0.03564643976045773,1.0,1.0

